Channel,Channel title,Impressions,Impressions click-through rate (%),Views,Average view duration,Watch time (hours)
Total,,5056523449,6.91,1263431936,0:04:27,93882219.1021
UCfUvCUBDg8OFeYR0p_zPz3g,Videos de Slime,0,,79492098,0:01:55,2552032.1518
UCt8gGXU0AZ3KECTfr1BwRCg,Survival Cooking,240291196,7.73,38844688,0:03:39,2363647.5073
UCPyXaNnvtIMnJ_VSgYlXIVw,Mr. Cakes,287971763,6.99,32606392,0:02:35,1405470.1112
UCTBqCtoS_XvwU5oczcQdplw,Visicks,0,,26224980,0:07:17,3183911.8859
UC53flicePn0xri-jiq89WtQ,Yummy Cookies,139345092,8.52,23368844,0:02:50,1103851.5359
UCn87J7gSR5lZjPh5s614Q-g,Tik Tok It,0,,22845596,0:02:09,820229.4667
UC_GTfKEd3uZRbfIW5v57arw,10-Minutes Cakes,222726692,5.59,21336729,0:02:31,898140.53
UC7eB_MtuXDVB0PfIGIs_a0Q,Easy Cakes Decorating Ideas,188815557,6.19,21252016,0:02:53,1024303.8037
UC-j3S3cIXZSzzCkJhJW9_eg,Cowbelly Studios,214563942,5.87,19994696,0:06:39,2218509.8122
UC19LJiMtrFl6j-V5MDMBuSg,Golden Retriever,0,,18494287,0:02:29,765759.5051
UCXqwolusiqt7NE1S8I0eKLg,Papa CRINGE,0,,18226255,0:12:28,3789034.4454
UCLE3G-0Ye6nXJD_mDpNJkAA,So Tasty,154811476,6.05,17626988,0:03:13,948232.0848
UCOdxj0dNaHxyrCfJqJMRknw,PUMBA,136382629,7.83,17329744,0:04:40,1349321.36
UC_6jrVDSicf-ktEnZPkgzSA,TikTokeri,0,,16878187,0:07:37,2146785.3141
UC7S9BSMxIaKMtZemGTqRBJg,BeautyPlus,132458700,8.36,16565602,0:02:26,673084.8455
UCGiCrx-yIf1Ggo_4vZc7JGw,Survival Cooking Skills,97769391,10.99,15912211,0:02:03,544936.0749
UC_lFHHmK2TBcfUp2uKUd6Hg,Tik Tok US - UK,0,,15205225,0:04:50,1228757.7184
UC5ggtACLoJ3Ro8RNNgKfcvA,Cute VN,108067886,8.39,14767932,0:02:20,574337.4027
UCF-usPD55jS0Dg1Af--SDmQ,Hair Inspiration,144077008,5.41,14392399,0:02:14,537245.5835
UCajk3AGLzBN-PYFACIhIGGw,Water Ragdolls,65215722,16.97,14288157,0:01:38,389776.1824
UCdyZqFCAIVxPK4MyLiYRygw,Fortnite Legion,111408206,8.52,13751540,0:04:56,1131271.1564
UCCdVdaU-xh-WbVkSzRISKyg,FAkEMeME,0,,13299607,0:07:56,1759452.8917
UC1xIWDB3JBJOal6XkHrUyFQ,Gooddays,92008645,8.38,12693454,0:03:45,795125.7563
UC2YGY3C5U4aeQbSpx_4kYMw,Best TikTok Challenge,0,,12652236,0:02:24,507555.1158
UCosCUuVjdtt8seyBgyNk81w,Locandro,102339906,7.98,12444919,0:04:25,919338.3254
UCPQUIgYWSdE19Ac6iZH0fYw,Top Yummy,94051795,8.69,12434314,0:02:09,448446.0526
UCYUunpzH7_WtYwvss2Ja9GQ,Storytime With Reddit,145539558,5.69,12197508,0:07:59,1625717.1779
UCAStvslp7NQySmmFOpaSUPg,Best Oddly Satisfying,0,,12139844,0:03:30,710019.5157
UCgSmBJD9imASmJRleycTCwQ,Sir Reddit,113018286,7.04,11427505,0:06:17,1199520.4414
UCbBYAkzG2odSR_N-5sCzfsw,YouTikTok,0,,11380833,0:02:28,468743.775
UCHrIeSltU6SBnZ0fRsDhGrw,Succculent,0,,11155558,0:08:52,1651263.1014
UCF-xmzC8NxPjQd8VO8J8lUA,Pink Ramen - Daily Tiktok Compilations,0,,11102807,0:04:16,791430.2147
UCVCYPSYZ8jjYz_V5OOOi3rQ,CuteVN Animals,71009853,8.3,10946204,0:02:09,393225.6941
UCGVmJ_sc_jsUA9QmpyEK-9w,Entertainment HQ,0,,10048498,0:03:09,529593.1561
UCfxVz2pVCK38PWU08zyq_gQ,Salsa Sauce,0,,9848989,0:03:07,513870.7789
UCSd-3R1xJ0hRT8rQkuIiDew,Reddit Jar,143999682,4.41,9757314,0:14:19,2329844.6205
UCXQ0opKNREpA62x7gMk_hZw,NaLac Technique,87299860,4.73,9637433,0:03:17,529887.0798
UCM6yPd-dzKvHhGptvrAmT5w,Freememeskids,0,,9444383,0:04:53,768744.1107
UCDlkDDZEWgt4tmo4yCzzDyw,PowPow Channel,0,,9325775,0:01:50,285387.4515
UCg-H02ho7oY7bEkfCiIG_KQ,Definitely Funny,0,,9042742,0:02:32,381848.1478
UCqMm1q61j0yZ8uNwSocBW6w,Snooker Planet,107510174,5.53,8784439,0:04:46,699317.4236
UC8pTFZqtnLr0eZ5L-Zm0iew,Gerald Huston,62999607,9.07,8747137,0:02:18,337122.8359
UCdQdmd81Mw0Qx-GJn7ExJRw,Oh Long Johnson,71502579,7.59,8544508,0:03:18,471753.6626
UCeb2N9LKP3KTyRv0ZbFduvA,Rango Games,58996036,7.96,8157257,0:06:32,889108.7913
UCEqKKebvZbAQoD3NRIn4jaQ,Updoot Reddit,126827008,4.22,8117079,0:10:20,1398187.0242
UCUg0L_VHJFPROaRfgDA5i6A,Fortnite Focus,64316624,8.58,8008850,0:05:38,753821.8779
UCkrkPaXr04AofsnWSRdHTNA,Monstro,0,,7797767,0:06:21,826527.2286
UCmXF1HV7M0WjXFXqNPbU-lw,Fortnite Moments,57865981,8.05,7588478,0:05:46,730183.2929
UC4zSClsVzlbnZ1RxKl_Tofg,GERAM,65668604,7.94,7539554,0:04:35,577293.7554
UC2_q_FIJrbFad8tSUV1NIwg,Royale Clips,58676125,8.56,7381663,0:03:49,471201.6204
UCegtkvhLG9XYzWfRR99ateQ,Updoot Everything,102891316,4.6,7330183,0:09:58,1219047.664
UC76jH6OZRtpxH1didSBrolQ,Lifeples,0,,7285463,0:04:06,498757.0223
UCuYQm5jdvuF8RTgy-Uxa2tg,tiktok angel,0,,6831191,0:02:02,233180.8689
UCX_fUxbTY4IxvQBYz8KakqQ,Likileki,0,,6525229,0:02:06,229061.9756
UCNG3jm8ATevIpITu3TUb33w,NQT Channel,0,,6192891,0:02:21,243912.9222
UCL6wyJ1DSvHopGmCvywHDtg,Public Freakout Videos,45148200,8.88,6185081,0:05:26,560370.7084
UC9xFcEuUKW23dufqj_LaOmA,Tik Tok 2020,0,,6076638,0:01:34,160163.7219
UCaTvrHqmyJV52NqA8datjBQ,Puppies TV,61570129,3.73,6038066,0:02:33,258129.6364
UCN3T5wN8RrNAMaCGGHnbngQ,Willanator,0,,5969808,0:11:18,1124702.884
UCpT9kL2Eba91BB9CK6wJ4Pg,TechSmartt,68333516,4.48,5968119,0:07:37,757649.7847
UCMsNNsSGhnCRaacMyHqdjFg,TikTok Mail,0,,5958948,0:02:00,198756.1124
UCe13AqEbmJ8CvZbi4pA85sg,Sieronic,0,,5865633,0:09:42,949831.7188
UCW8DOPx0IB8xJU8EWIyLYuA,Ironic Alien,0,,5838389,0:07:00,681571.2169
UCwvz9MqJHji1Twr86YDP_1A,Tumblr Reads,70113302,4.8,5709974,0:10:14,974460.2862
UCpnkp_D4FLPCiXOmDhoAeYA,UnusualVideos,0,,5643492,0:04:09,391791.7155
UCRXpUd6Q6BvHiFMUJS1jC9g,ZukkoMemes,0,,5641206,0:10:35,995408.3718
UCRlidkYbQGESvt7qaSaQNgw,tiktok victory,0,,5533541,0:05:18,490258.0184
UCWVz07amFIiK8n1HwiJmU1A,Sara LoL,58780535,6,5140348,0:05:07,438703.458
UCY_n09GSqoNGLhA7y98bC5Q,Favorite TikTok,0,,5113594,0:03:17,280972.0411
UC22LjJxl3n71-bw8cJGKdQw,Cake Lovers,44255679,6.91,4893453,0:03:43,303492.1579
UCIk2OuKT6k-KRZdQ3dKtgkQ,DIY Everyday,58239849,5.2,4850919,0:02:13,179636.0088
UChKziCU8hnJQain93xzyojA,Picsfun,39622688,7.84,4606339,0:03:33,272739.6238
UCH1Jp-23gV7jpHyB6vx7XwA,Elegance Army,35813241,9.17,4521727,0:04:32,342332.2817
UCEH1EbpMPmzvoURYCI0lCWQ,Favorite TikTok video,0,,4486749,0:06:24,478785.0831
UCRd6BFibkNtiA3gPW8FBk5g,ThiccBoat,0,,4460634,0:09:25,700271.6944
UCz44GGk3KtI0ARqKTGErhxQ,Compilation Plus,37863792,4.88,4289979,0:02:16,163125.6447
UC2sabBFKKPFcz8tg0lZwzvg,Reddit On Tap,51777786,5.63,4244101,0:08:43,617597.7193
UCntzh2wJFL3oguP9nyk3U9w,The Oddly Satisfying,0,,4203367,0:02:50,199046.5647
UCBkiU4KW2amn5lI480LASgQ,Reddit Aliens,64234660,4.23,4201830,0:12:00,840734.0387
UCpXAlDjAko545fZjAIKmA8A,Faiz,24914787,9.45,4169248,0:04:25,307386.9435
UCIszWMoHx1a_EuZCq-8X9LA,Eternal,0,,4154479,0:08:24,582192.2449
UCAQcNHVnMMl9-h9AKlyntUw,TikTok Queen,0,,4140048,0:02:17,157900.2309
UCFEpFpv82DGownPexhrpkZg,Best TikTok Compilations,0,,4104232,0:02:09,147567.2025
UC79HPXnrjP1ppC0rFItqFtQ,TikTok 99,0,,4027810,0:02:20,156772.7001
UCnjlXX_xE4J73VmpRTa42Zw,ProHighlights,38254625,6.07,3982175,0:07:23,490855.7433
UCBqTZpD5NxrHXz34E8uglwg,Best Fun,0,,3811058,0:02:23,151436.7991
UCxOz46--fYIPQyPpiMxlTIw,Canal Risadinha,0,,3761884,0:05:43,358846.8214
UCpYgMYvvs-NGiquQ5ubZnXg,Mr. Fast,32566917,7.42,3732936,0:03:01,188126.9737
UCA4s27d9Xr1cxsK414SPP1A,ASK GURU,62951423,3.91,3707131,0:10:00,618092.7661
UCS4MYAGUCy2T4CsCGxZzJrA,LIFOB,43792050,5.12,3667810,0:02:18,140602.497
UCRstW1gxiR0tHJ7dSJJWv4Q,genipool14,40652121,6.48,3661683,0:03:36,219891.5476
UCEMga_5kPDRwFXaJM1NQryA,RoadRage,27331238,9.31,3574830,0:04:20,258311.3567
UC122SKjXKf_GnSJDuSyfiGw,idk Compilations,0,,3527955,0:05:27,321330.6188
UC2fIPrC_IsHkA_cG-agHo3w,BlueWaffle,0,,3519902,0:05:50,343090.0142
UCzeB_0FNcPIyUSjL_TL5lEw,AzzyLand,0,,3490664,0:03:47,220784.7589
UCGseS2RjVrQiXmRBOlsKm5w,FUNNY TikTok,0,,3343392,0:02:56,163886.8358
UCsSU09qRPYHpHxWDuOjlhpg,LuLGaming,16702587,13.52,3330447,0:04:15,236243.3882
UCLUVoxPe18pvtr2VGGb7CsA,ThiccVoice,0,,3322266,0:09:35,531335.0897
UCfjQOWJqoQ69BUaUZtFtGZg,RO #BrawlStars,18169063,9.88,3300375,0:04:59,274158.5818
UCW6V8WE201_oJ6QdwPQ0PEQ,GuajBoya ASMR,0,,3266064,0:01:52,102136.7287
UCj2smfs36ESd1iOxWw4n1QQ,Zonuts,0,,3243046,0:06:51,370368.3021
UC3LrnSKneDo2SDUf_UgsXYQ,Kryptekah,0,,3043696,0:09:22,475269.6552
UCjlI2auXZk2qy6mIBT25BEA,oh MY stars,0,,2869747,0:02:33,122059.5281
UCLleS2wbupM931DmHvxyeJQ,THE YOLO 2,0,,2826263,0:04:15,200388.2678
UCd04RGJWZVsLEgr6tKVhGAw,PurpleMissy,0,,2622129,0:02:47,121674.0439
UC6ScVQhGxj5bOr1VdXN5IWQ,Thicculent,0,,2581045,0:08:56,384841.2103
UCp6lGOWvYlG6UDbjC0OFNQQ,10-Minutes Amazing Life,0,,2551559,0:02:22,100653.8024
UCasElAZ8Fn1ACje99uyQK5g,Livestream Moments,18768312,7.7,2526279,0:06:00,253251.376
UCwvhDrhyEsaDclgNsiNc-2w,DIY Central,26524978,5.34,2512949,0:03:09,132041.3597
UCYeiQL7oNaOmUtrbto0VB-w,Tik Tok Compilation,0,,2429767,0:03:20,135439.0948
UChzCKRV1o9XlFu65optW2YA,Couple Goals,0,,2401821,0:01:56,77582.4497
UCY1DLASyRm6jxVbD4Ca8tuA,Satisfying Space,0,,2319559,0:03:33,137304.0946
UCPeW45oXPao55eyAYOOj7lw,Now I've Seen Everything,0,,2294879,0:02:43,104237.1599
UCMKvJ1qZWQfrO6t6inUGYPQ,Reddit & Chill,23747322,6.66,2271523,0:06:19,239501.9342
UCwJruFziLMIF36Y3OPh2r6w,BARBEROS DIOS,0,,2246286,0:01:48,67931.405
UCerazDNo8vEcVTbBajMAoFQ,Cutest Puppies City,16607627,6.39,2196890,0:03:42,136008.6228
UC8hc1BfgAwt2RoGwlTUxfFw,shrek wazowski,0,,2190749,0:06:58,254602.0406
UCR4i9H6CbAQZ_h8ATxNmDVA,DaddyCactus,0,,2131100,0:06:54,245116.861
UCzJrpBp9-F-rppHPZ1wb-Yg,Soap Carving,0,,2088082,0:01:23,48431.215
UCUpDxIfonDcWOeC1xIxsGFA,Trend Followers Tik Tok,0,,2036406,0:02:11,74404.8081
UCQdGSvgxIMiPo8XhY6vcbfA,TikTok Challenges,0,,2010752,0:03:18,110917.2541
UCAJ1rjf90IFwNGlZUYuoP1Q,Magic Club,0,,1971862,0:26:35,873701.9657
UC_FoXwVjRM9qgMvNeh92b0g,Lore Star,27429537,4.36,1940983,0:06:25,207883.4134
UCdNkiWnp90vjl7cOenuMR8Q,Visicks V2,0,,1929901,0:02:32,81870.1438
UCL5tAc2EXKMCUsLPeSu2f5g,iReddit,14724223,9.03,1925244,0:05:21,172120.5442
UCPaUfac0RL8OZr-T0nn7bWQ,TikTok Drip,0,,1919950,0:01:42,54655.8297
UCLxl-01nihHAcJf_tg_zYpw,King Pro,0,,1906905,0:04:13,134178.4043
UCrPFIcku89f-BNlMbXZ5etA,NEAT,0,,1765621,0:04:47,141175.2602
UC9VYch6tXWLk57iWiY14NGg,Dankasaurus Reks,0,,1611464,0:06:16,168436.4527
UCsajnpYuVAiURUGqPoylT9g,Tiktok Town,0,,1588943,0:02:56,77911.3529
UCOMBQzwHjNNVlT-hma3PM0w,Grandma's Homemade Memes,0,,1570571,0:05:34,145741.1442
UC8b9dMl3I1EMcvd_wUecEvA,emilyiskindofstupid d,0,,1550028,0:06:47,175482.2269
UCa0YfMRjgEMnCX1zk3QtNvg,Cowbelly,16868579,5.85,1530553,0:02:43,69573.4066
UCqLCLBpPFteBaVMNtGHqWiA,troliass,0,,1525932,0:05:06,129841.8889
UCSANrtYd0egyqpMJRrnn_1g,urgurlspills,0,,1508573,0:02:07,53228.415
UCnZkUYlM3sBnIMUYvZYscrg,Tik Tok Season,0,,1484566,0:02:49,69755.985
UCoj5qUu4Sm_WA0PHRtYt_Ew,Pierre's awful memes,0,,1465938,0:05:07,125329.1391
UCTlDufry8-nzX2qqChB-kKg,TikTok New See,0,,1448764,0:04:19,104346.117
UCRHzS_iuGxuNimTeXhisUQg,elegantcudorfox,0,,1417155,0:04:44,111965.0351
UC7_YxT-KID8kRbqZo7MyscQ,Markiplier,0,,1416933,0:06:37,156464.3245
UC9BMWLruGWsr1nTzFqmMfHw,The Meme Sheep,0,,1389003,0:04:14,98096.6903
UC_hSjGOO67A6gIDUcyuv_8A,Infinite,0,,1381596,0:06:16,144309.3806
UCP4qnGdeXnNYBYSNVp7tvMQ,Let's Beat Haters,0,,1375550,0:05:14,120187.8375
UCbHvtJxBXUzpB_iXfJLIvjA,Grumpy Dogs,0,,1344230,0:02:49,63123.9197
UCQffoy72jV26yUMCVF4A18w,Extreme Cake,10321896,7.47,1325454,0:02:34,57055.2807
UCpB959t8iPrxQWj7G6n0ctQ,SSSniperWolf,0,,1307645,0:06:39,145134.6921
UC1U_8ENPho3Q0w-b6yVw_XQ,Tik Tok Funny,0,,1304508,0:04:02,87809.797
UCkRBXDEF_AsGrJCcARPeIKw,TikTok Kingdom,0,,1287106,0:01:40,35909.0228
UC93OlpjlioxRhS4TAgcIy4Q,Black Rose,0,,1283624,0:04:04,87213.4794
UC5BdO0zxqBHKL4QS1oWAiPg,Modern World,0,,1282517,0:02:47,59583.3757
UCRugzAhg75WDMJspU0pCZTQ,Top Cringe,0,,1259545,0:03:20,70032.6885
UCF149p8E05MosiR6txGHEJw,Vibe Tingz,0,,1226388,0:02:09,44015.455
UC9Sk_do0w7MbaWDd2cwzvNg,LuoKho Animation,4937883,13.26,1204680,0:01:29,29978.5933
UCiA37Z-1tkQIebIoFwzo_yA,Cookies Inspiration,8614576,5.37,1189266,0:02:22,47154.9689
UCP-RxKxVkYcBp68U885vwaw,TikTok,0,,1173162,0:01:46,34613.3726
UCU-k-TimXgybFOrSOFsuK9Q,Dyon spt,0,,1150725,0:01:43,33168.4895
UCm8rJrIiBJzv4hV8RruLESQ,Alv Nmmes,0,,1137761,0:01:53,35761.8165
UCuWbbAxqKDszwHWnxf9YCKw,ROUND III,5607524,13.07,1131156,0:01:58,37287.3461
UCv0ks9aTnEYs0rO_-aXk2yw,The Gaming Biscuit,0,,1121681,0:10:43,200371.5697
UCVGP0w9tUsz0SKarkJNv3sw,LuoKho - Fortnite Best Clips,5243238,12.79,1118990,0:02:27,45736.712
UCQaaQZoMl2Bd_dg5Z4Haxgg,Mello Yello,0,,1114547,0:05:18,98607.1949
UCDHKCEfQHGQGL0_BsALQEEQ,Thiccbox,0,,1103496,0:09:03,166476.039
UC--vMmob5mJbgNIc1lZndig,f m,0,,1097140,0:03:28,63594.2977
UCUwxZjKIrp4T3UAqwPmXxLw,Gamepletely,13431855,5.59,1077747,0:07:27,133846.4173
UC58gkg1HOJn6l5PYRikbDnw,Teen Toks,0,,1071490,0:02:39,47346.3687
UCTzcqwfRIZj_AsfD4t8lFNw,TikTok Obsession,0,,1046673,0:02:04,36203.2154
UCdVKKYHGkDhNY_v_L9Gnfuw,Tik Tok Challenges,0,,995201,0:01:46,29496.2908
UCULyzS_u-jt07jWvFOA-xOg,Ripe Mango,0,,993726,0:04:17,71090.1116
UC_NEk3onnRIzkRnQD1H4qUw,TikTok Pink,0,,991365,0:01:54,31635.1954
UC6WcVQuAJ5dxa2a_GVlgGrQ,Kr Film Channel,0,,990387,0:05:06,84286.8105
UCr5Sv_FXjFUPlJ5gWi82vhQ,John Duncan,0,,989568,0:01:20,22078.0888
UCVZWMgst9xz6ZQKpITGo7dQ,Geek Listed,0,,986826,0:17:36,289695.9393
UCoLiSpk0H3cGb7xq8_HmMjg,EdDoingCompilations,0,,984489,0:04:05,67034.6598
UCKyb5uFwql8a7aCd_GVrmdQ,TikTok Everywhere,0,,982877,0:02:22,38811.9713
UClrxPNHLTy6Aq5tIwkOBoGQ,Bae SooYaa!,0,,972439,0:02:28,40146.8373
UCeBnbqt4VRhotq2TQjkIi2A,LaurenzSide,0,,971840,0:09:01,146237.6961
UCpk4mFbleBpYKwWGhcdanxw,Meme City,0,,967691,0:03:11,51386.255
UCo4xT3EBq1JqzkSm8ks3DDA,mrv satification,0,,967344,0:00:37,10011.2632
UCTrPmh-T8mDZMW9AdTdeFGw,Pinkie Peach,0,,962405,0:01:41,27034.1697
UCDYj8uT9sluF2clUIitWmzA,Tiktok Girl,0,,959850,0:02:00,32080.7951
UCySdPSUOxZ052z55J84KhRg,BomMosVok,0,,956538,0:01:35,25370.7245
UCV306eHqgo0LvBf3Mh36AHg,Felipe Neto,0,,952684,0:07:33,120095.986
UC0UCYD_msunS3XxDiuJk9ig,AllynSlime,0,,948024,0:01:06,17472.8015
UCSVJPARxYnCGScsCiX1qVtw,TikTok Top,0,,946100,0:03:28,54874.3722
UCWZmCMB7mmKWcXJSIPRhzZw,Miniminter,0,,923840,0:08:06,124837.6424
UCiOfs0d3GmCayMDy4x9BT5A,Ruze Raptor,0,,908906,0:10:38,161194.8125
UCMWP5QAJM8XlwC4T9bBwTVg,Quality,0,,905444,0:02:07,31972.4414
UC6qP0xOcBEymN1E_is4kxew,UselessMemes,0,,901385,0:05:37,84580.0843
UCnlCYKBjBdGgOgRBFfFJ_QQ,Fortnite Fantasy,4402257,13.38,887272,0:02:53,42827.8125
UCcJob-WHaMLE50M-KPK1qEg,Country Boy,0,,886703,0:06:08,90756.7575
UCag3IFFwxehrwsq-Zsg8zDg,TikViral,0,,886308,0:05:12,77044.24
UCVzLdYMK2_Vx_fsPhpql4sQ,Default Guy,0,,885997,0:05:59,88413.5339
UCucot-Zp428OwkyRm2I7v2Q,James Charles,0,,870084,0:06:55,100376.6492
UCv5euS1My2PvHoQl7MewcWg,Lopez Brothers,0,,864885,0:05:48,83828.7671
UCjK4_pAG3v8g7x9iVw2Oydg,NATMOR,0,,859609,0:03:05,44404.9348
UCcG0txaPjwH9B0Ji_fS1owA,Daily Compilation,0,,857793,0:01:50,26351.0395
UCC_Qk4-mu7U5QKVFRfoom3Q,Memenation,0,,852593,0:07:54,112494.207
UC-TX0667WFzTO71gTHh_HmQ,All Satisfying,0,,847153,0:01:39,23401.9024
UCRotuEAdnlnv4tTRewAAUPA,Alex Aladin,0,,827454,0:03:19,45796.4982
UC8NlaWl6e2FSrWFukXak0tw,Tik Tok Painting,0,,825981,0:04:14,58484.6762
UCXv-bmUldY24FvJS9TR8ATg,SoloTikTok,0,,817859,0:03:48,52014.4065
UC6dflQO9CCcF3AePU9dn5kg,DraG Destroyer,0,,817594,0:05:23,73482.8103
UCPpoTNfcoVqnrGBsp1hQGGA,A V,0,,811233,0:15:02,203365.3056
UCyCHaGS3Vntjm2274j06PhQ,Baekchen Biased,0,,808672,0:16:46,226096.6579
UC6oD50qjrSGC9hAmPQBSnUA,Tik Tok Trends,0,,803622,0:02:06,28334.9957
UC1AXKdYCT7GQB8VhU0IgN0w,Everyday TikTok,0,,796181,0:02:22,31585.8648
UC9N_rUjVMl2TavDZ3HkAKxA,Delicious Cakes,7793867,5.26,783726,0:03:06,40550.4906
UCC9lPwYV5YsqfpQgPl-lzjg,SlimeSlimely,0,,752431,0:01:53,23720.9369
UCbGnL0FJN6JkZtIU-UdRJaw,Toe nail clippings,0,,751877,0:06:56,87060.6036
UCZvo2e_PGZ57iV5_SGVCL8A,Portal Da Tendência,0,,724205,0:01:58,23748.9267
UC56D-IHcUvLVFTX_8NpQMXg,Brent Rivera,0,,714435,0:04:02,48169.5906
UCfFoJM-FFhuDvlyGrZv6E1Q,Satisfying World,0,,713288,0:01:47,21325.8912
UCKT1KhAoEqAt-HJBKfKxNRA,TiTo TV,0,,706368,0:02:35,30599.7565
UC_1E2UhNVkBsUS6jW_vinrA,chris who,0,,699067,0:06:22,74366.4327
UCWeBlAcKVQri_t6IQ0zH58w,Play TOP,0,,691754,0:02:29,28786.2133
UCNKU0oaIZo47o_EHonB-hwQ,HAZARD Reef,0,,683003,0:00:40,7760.7187
UCNpUrH2KLq5dfwU_wohD9fA,Deep Legacy.,0,,679484,0:35:45,404935.4335
UCV3IseaOx-KwjBgeiood8gg,DJ Smile Music,0,,678392,0:03:29,39417.1132
UCwwgI0AzG5Y2lU-C8LiKP2A,JoaSkills,0,,676434,0:01:38,18466.2021
UCmDTrq0LNgPodDOFZiSbsww,xQcOW,0,,661804,0:10:22,114454.6717
UCdxCFN-9lR5-H_DzmzNxjTw,Amazing Talented,0,,660068,0:03:22,37076.045
UCjtLOfx1yt1NlnFIDyAX3Ug,W2S,0,,654788,0:06:15,68388.0781
UCrPseYLGpNygVi34QpGNqpA,Ludwig,0,,635458,0:07:48,82661.3259
UC9gFih9rw0zNCK3ZtoKQQyA,JennaMarbles,0,,634780,0:11:05,117327.3444
UCh3olxcbM37F2Wgy28KWpAg,People Are STILL Idiots,0,,634205,0:03:32,37493.7943
UCt_DaLB_NDqPVxezyvcfRtg,LARRAY,0,,630879,0:06:12,65291.0751
UCaWkFbeggrLew8K5XEF8cHw,STEFANIE G,0,,629524,0:02:21,24676.7324
UC-ZAL7lhwUbtSE942OpVTsw,MemeArchive,0,,628496,0:02:09,22571.3904
UCOjc2LTXq55J0HNUMvNhvYw,MemerMan,0,,625803,0:05:30,57468.44
UC_EuakPoEj8zS-vFHrDmkwg,Tommy Craze,0,,605414,0:04:11,42324.4337
UCUknBTWMDCzSggZ_-AgQAbA,Hot Vibes,0,,603006,0:23:40,237984.3489
UCGDPhXrv1Pwi8GvPrRgK_JA,Blissful Mind,0,,588746,0:01:28,14440.6143
UCB2meTMeAmRXVrli6WQuXjA,"5,452,846 views",0,,577779,0:02:29,23917.6267
UCF8GLutz3FQDwsbLI-Q6WSw,Corey La Barrie,7962713,4.8,571903,0:08:16,78844.6934
UCcAcj4Tpoke0ICQaBDreIuQ,TikTok Toxic,0,,568920,0:01:24,13303.9614
UChWHes7zV9zTWSjoIq5E78A,Oddly Fun,0,,567509,0:03:12,30343.4688
UCnGc5hIlCIE4K468F8kgVPA,RO Fruits Brawl,2286142,15.24,559407,0:01:51,17343.4905
UCxaooSpyYdxDdMmfhA4UhNg,ViralMediaTube,0,,558435,0:09:59,93046.4175
UCUhHbUrDUmGb7RV3F8oV92Q,Sunflower,0,,544426,0:04:14,38517.7235
UChxaVQzXj3noXD5QHBWXfEg,Memecorp,0,,542662,0:04:27,40299.6968
UCcb2wv2DDs4PJIcYubunSxg,Dynastyloveyou,2678678,14.52,540096,0:01:57,17674.5903
UCpcP3WLuBbA8ttPq4IgdneA,Simply livinG,0,,537986,0:03:49,34307.9272
UCnciA_RZVjq9DMvx1KB625Q,Bored Panda Art,0,,533848,0:00:51,7589.6273
UCZXvTXV3eg69uuQEXJZ6Cvw,Funny Top TikTok,0,,531480,0:01:53,16698.8999
UCzpp09_6XZzYM3HYsr3m29A,VladTeeVee,0,,530143,0:04:55,43479.7953
UCAKFpkO_DDXFiaKZX6V9FQQ,Vanessanichole,0,,529666,0:08:15,72915.7117
UCKo_VrS8tsNp-UfpcwUDJoA,Challenge Accepted,0,,526400,0:01:39,14508.0577
UCMaKOB3MHGr4hsg4OGt6-QA,Tik Tok Dance Trends,0,,522392,0:01:13,10705.5631
UCYK8Yx_SCop0F3ddZbx1xaA,Don't Care,0,,520883,0:06:44,58551.7349
UCO8WCQsddotuNAH6-Pb_A0Q,StreetCan,0,,519443,0:04:21,37668.4804
UC97EqXRxGrZtbCFulM3IwAg,Murr Plays,0,,517087,0:03:24,29390.9488
UCF3r63hxG7wb1Oh3MWR8sfw,OslimesO,0,,504432,0:01:48,15185.4571
UC-lHJZR3Gqxm24_Vd_AJ5Yw,PewDiePie,0,,503357,0:06:44,56553.5883
UC83Tibcan-04DUV03gIkPLQ,CIV CHANNEL,0,,491415,0:01:34,12943.2615
UCCDC-Awiq0i8BaJxVDDV9xg,Holy Chicken from 0 to 1.000.000,0,,489683,0:06:03,49431.1505
UCDRowjyTsqsIkZqm3S1NW-Q,TIKI TOK,0,,478455,0:01:38,13148.643
UCmpWLoKQBVd5YPz0cYan_Xg,Callux,0,,475295,0:08:32,67631.2627
UCiUnrCUGCJTCC7KjuW493Ww,Crypto Zombie,4237896,5.31,472808,0:08:12,64623.1216
UCzzD629CMzH9-aAFIcpdZEA,Tiktok Dab,0,,468112,0:02:09,16777.3249
UCyCacW50cW3oOUWR8BQP1mw,Core Tik Tok,0,,467696,0:05:02,39295.3728
UCtjMeOquMoPyqiDtzAUlD4g,La Flame,0,,466973,0:03:43,28977.5164
UCzLeRAY6IDvD7ycGWcdH17w,SAM Entertainment,0,,462851,0:03:00,23217.1577
UCztKD7oR7IW98Z20yIkuQjg,Best TikTok Africa,0,,459324,0:01:47,13708.3485
UC__xqn3qLFfiQzOQHQsjWJw,twenty one heroes of olympus,0,,449001,0:08:51,66269.6825
UCqpG8svRklNYwqvmFmMGQfg,Dragging,0,,443094,0:06:13,45944.5592
UC3GrU7C33VYwAcRbCsji6aw,grace ariya,0,,437684,0:04:49,35194.6415
UCiz9kxu8uWenipfT3itvumg,Jokle34,0,,432141,0:02:34,18533.2005
UCvmK_W64uNafXqH3MZvOCyA,PanDaer,0,,430823,0:04:23,31481.7748
UCEDnn2rjuGwim9Tv1KwMpJw,FavoriteFandom Edits,0,,428194,0:04:47,34179.7375
UCxcwZTdrpHbeEjTtQ8bmXCw,Darvelous TV,0,,421921,0:03:22,23693.0481
UC5i_g7sgTh-9-zgm_EfJjxQ,Dank Duck,0,,408583,0:06:09,41938.087
UCzVQa9ERJMoozz0AZkm-KBQ,Hey yo tiktok check,0,,402632,0:02:01,13558.6606
UCySNZWAEb5sQZkm6w_id3_g,Gay Potato,0,,393998,0:02:59,19673.6589
UCw8EJ9-SfAf7gVs-VtKfsnA,Leech of Youtube,0,,391089,0:03:53,25353.7588
UC3n0qf54OPWei0bVF4W60Gw,Mr. Mind Blow,0,,389838,0:04:20,28210.7542
UC0Jm3RQtmtwxxTc2gZkqDNw,Jarvis & Kay,0,,384201,0:05:15,33660.2794
UCHhfSXoDG6gSgpOvLH4wrRw,Behzinga,0,,382137,0:07:24,47168.8147
UCkMuplSqZv-q1nYOH-w58YA,Tunç Brothers,0,,381592,0:03:45,23856.1122
UCS7b93ZwoL1xt2hR7a7l2mg,InquisitorMaster,0,,379232,0:06:06,38639.5216
UCr_zymmlu9SzxoaNfCLXFQA,MrMeme,0,,375124,0:07:34,47351.4007
UC5fTc50mZSsdJ6q0OaSBEQQ,Yisus Oficial,0,,369588,0:05:19,32821.5909
UCl5XaAlOx_j17JQavPMXPHw,15-Min Slime ASMR,0,,367077,0:02:52,17559.8717
UCYMdrmMfnDBgMj0SrNr0pDQ,Teodora Milojevic,0,,365217,0:02:36,15835.8563
UCVQttikcQarUVqnRLGiSKOA,BEST OF YOUTUBERS,0,,362424,0:05:31,33343.3805
UCsFeZmEj9UbwmQ3BtTyESQg,Tomboy_Mel,0,,359161,0:04:01,24138.0494
UClHemeH6Sly-KOigONbk0Cg,Stan Exposed,0,,358696,0:02:39,15894.2092
UCSHu_JV5DFCQ2KAOF8yTFzA,Fun & Diversion,0,,357838,0:02:53,17232.3359
UCM60XchCatBDeV-U_aRz4Og,Julya,0,,355196,0:05:42,33833.171
UCrSgaO6xOY8YV1EoCbD51HA,MessYourself,0,,352925,0:07:18,43015.1442
UCIbDtmF3u4gU-PPvG-mjhZQ,Tik Tok Meme Gang,0,,352677,0:04:02,23771.5323
UCO421TBa_hPzunVvvfGK0TA,10 DÚ CORTE,0,,351809,0:01:59,11653.9299
UCB6WtAQbeEYbefFN6G_Lv-Q,High Tech,0,,348927,0:01:51,10811.662
UCwhQZqi0BuKCsS33Wwj29vQ,Relaxing Sounds ASMR,0,,341512,0:01:38,9389.6976
UCvir7tFpjfdQyMJjQD-SUtA,iMinikon,2004534,10.78,340239,0:01:51,10510.7273
UCCLWuIe2A_hPvx5lY1ZVi5Q,ReAllY AwESoMe,0,,339292,0:02:43,15385.7133
UC3mbTpnr2GEgv89P6V6owYA,Best of TikTok,0,,336548,0:03:38,20385.1445
UCfPK4iDbvjUlAN8QZS-BRRw,Ashley uwu,0,,336315,0:05:43,32120.7068
UCxcLxKJMk9Dgzz4xtjO-07g,TikTok Trends,0,,336263,0:01:41,9508.4417
UCgZPZR7CDDfnxesDFuyxKYw,TiktokCompilation,0,,328971,0:02:39,14561.334
UCFB-QxUdWLN3jxmfBHha9vQ,FaZe Kay,0,,326976,0:04:43,25785.5088
UCz24srq31kr8CyNT-oN1Dqw,Shine Music,0,,326018,0:15:03,81829.9824
UClvxvJV7Cw7RhDI4vGM7m2g,Cyanshook,0,,323095,0:04:47,25798.0089
UCjr8fab9Lnp25u1OoMVh7Jw,tik tok,0,,322729,0:02:01,10880.157
UCARQuSw6-bDmlU5JnFnd35A,Ms Music,0,,320097,0:09:37,51333.8185
UCa2WrtqHZKTXp-ci5mJPa_w,Entertained,0,,319691,0:02:36,13862.915
UChl-5hjSH6NE5Qo8LrkK_Uw,Tik Toks,0,,300259,0:03:23,16975.5692
UCGJ1MvMr3rZ8jUnFpgXbf8A,Meme O'Rama,0,,299697,0:05:02,25206.1687
UCdYTPM5BA0_1UtowK-c2NRg,viralsaltiness,0,,299524,0:03:46,18828.3299
UC-Fk9vXnum2RWO-JMkxdsTA,Men's Hairstyles,0,,297791,0:02:30,12474.225
UCgxTLA7wlv_V_WVPoY_7wCQ,snurple,0,,294121,0:09:24,46136.3117
UCUIdFbjvs6MIsD43b4TonXA,Emma Schoen,0,,293231,0:03:29,17054.1572
UC2t1V5AZ2JyVjelxMTJ7CSA,mukbangs omf,0,,293013,0:00:39,3213.3905
UChM5Ff2yVeIZ16EWiB081cg,Reaction Time,0,,290675,0:06:26,31244.5965
UCZU_W_dT_QCH5px8lK38tlA,deluxe content,0,,289574,0:01:32,7478.4216
UC7NshjDRCQDvJyOUJapyIFw,Nina,0,,289370,0:07:56,38305.2286
UCBgY7ujyMfWQ5a8MtYobBkQ,podemous,0,,289119,0:05:47,27885.9713
UCnR2A1hMHxugOthJmEQYofQ,TIkToK cOmPiLaTiOnS,0,,287414,0:06:31,31234.3327
UCB6kcQUsOmgE2KylHYqAZbQ,Tik Tok Teens,0,,286315,0:01:59,9510.9682
UC8ZMj_OtRAZJqenbB6FAZHg,Antonio Papa,0,,284692,0:05:25,25742.71
UC8y3yYNy1a1kPwun3Lw91ig,blurryxden,0,,284312,0:03:23,16094.454
UCaR5mgH9aZkswPQtjZ4DktA,iCrimax,0,,281707,0:05:59,28122.7036
UCciPkd5MZJZeiW0i7_h-YIw,the sapphic side,0,,278548,0:07:45,36028.7619
UCpFwGXegC2TbBnN_NwXob4g,EPICMEMEKING,0,,277798,0:04:10,19306.1536
UCgZ-s-gbvln0VChhCo_2hqA,Shinjiさんの翻訳動画,0,,276778,0:02:30,11599.3478
UCzOMfeJCv_efCaWuOBXuokw,TikTokat - تيك توكات,0,,276447,0:03:45,17315.9139
UC0DZmkupLYwc0yDsfocLh0A,Jelly,0,,273745,0:04:20,19771.4964
UCtNBFUsxj2YVbEc5HquzFqg,Carter Sharer,0,,271309,0:10:34,47782.4967
UC1uXZQcjKLsIaPpIukKk4Ng,JUST WATCH IT,0,,270342,0:09:09,41242.3616
UCyi9FP5yK_O_H50-a-EKBng,Ana Tingz,0,,269318,0:01:51,8355.2864
UCjKXzGcXEGftaPVcPGjiEUQ,Tik Tok Clips,0,,268313,0:03:46,16900.3758
UCErhCy_MeKQLmiqD3FmrpDA,Tiktok Plug,0,,266530,0:02:07,9420.1842
UCUYniIVuVyrnLafrr83x70Q,Britt,0,,262860,0:04:58,21806.7178
UChEaf0FIPo9eTaxW5MQidUw,Funny Fortnite,0,,261600,0:02:19,10115.301
UC1OFDlfdRb6ma1ZGZd07gWA,Miranda Sings,0,,260371,0:04:35,19959.4831
UCajEayUiOMz6JG3-TB123-w,Anime music7,0,,259796,0:08:08,35217.8789
UC7gh755mzv9FpkfOAuB93qQ,Welcome to Good Burger,0,,259232,0:08:57,38737.9618
UC72Jm44IvoVLurBsl1PfI7Q,Pao 17,0,,258427,0:02:00,8622.1446
UCIRGSXh2mNQh7FIayMrsbTQ,DribletX,0,,257551,0:04:42,20228.0116
UCZNL-rKpt4599kfPmSuyfoA,spooketti,0,,257261,0:03:16,14008.4652
UC35TSpFmog8pGDE1w02zPpw,FUN US-UK,0,,257146,0:03:16,14006.824
UCezA8TJZ-3IRmtN0Syv12SQ,THE YOLO,0,,253412,0:05:36,23716.0545
UCkz81UAdelm0Oz0_t5evDJA,Linh Hee Official,0,,253015,0:02:06,8895.64
UCEFH5vT-ZKSJDtTedUv4shw,EvaEdits,0,,252878,0:05:09,21707.098
UCkLMtLiqnBl65jeyRtOkADA,tiktok videos,0,,251859,0:01:50,7759.2107
UCRqy4Iq88vWzASHxfJwaAqw,M Bros Reactions,0,,249956,0:04:23,18261.6927
UCGnPgs8r8g9_xSLKlQbxdrQ,MamaBiscuit,0,,247732,0:02:05,8655.3253
UCMuc0dHJsqsh-I-LuUbOq5g,BlueSmiley,0,,247212,0:01:48,7468.8504
UC5ZxcsTa7pXwvLSmyXBX1bw,Vine Town,0,,240900,0:03:46,15149.9506
UC8cpw4uVf1csboJpzJUNffQ,JRando,0,,240321,0:07:50,31389.8087
UCq6AvaeZnnmMO-IDwprbr_w,TikVok,0,,239325,0:03:07,12456.9228
UCyK-4Oa81UAvddBNmZmkQXg,Sydneykitty,0,,239139,0:02:02,8114.284
UCiCPjg4akKJoRDEOfIyXJog,Fizxo,0,,238960,0:05:07,20438.5239
UCSyoRFkB5xkaa3ScUcBaETw,Mariale,0,,238736,0:06:06,24294.1708
UC0X3n1NlcSRlS0fCcuPB20g,Star Music,0,,237721,0:05:03,20039.1443
UChYJ3BWAoHvR-qCpqFeXjmQ,Your Pal Drewski,0,,236365,0:07:22,29062.3842
UCyHdKHKQY17b2Z4GkBZPHwg,cringe tv,0,,229877,0:02:58,11380.6454
UCrds1Zk6Ht-ytgLq2sMi52Q,internet hellscape,0,,229861,0:03:47,14506.8122
UCpdcjzterQ-fWtwOlStvpTA,Television Monkey,0,,229265,0:01:39,6310.6276
UCw_r52vWE4tm32hTt65AoZQ,paigey,0,,229005,0:05:45,21948.8532
UCbO2RBK4wwm06IO1DX3MBYA,FYPhils,0,,226367,0:05:05,19237.8891
UCygrQqG9_gWUj-BlhRbaK2A,Emma Does Memes,0,,225711,0:05:45,21673.5114
UClgisJN77gLbyyMFbIUED-w,Cortando Sabonete,0,,221206,0:02:05,7720.7305
UCj8IEH-pSJU8_xEN31K5nKw,fourzer0seven,0,,218981,0:08:21,30481.0602
UCfvLH5R0Rv_GWldg_YfYacA,Tekkerz kid,0,,216741,0:04:37,16725.3521
UCl2oCaw8hdR_kbqyqd2klIA,The Crypto Lark,3446916,3.46,215038,0:08:40,31115.209
UCdeAIhAoJwA12k1HcMjJdiQ,Fun,0,,213481,0:03:27,12278.8775
UCbZ0AzpcOvAZDCkRleCKloA,UnproductiveVids,0,,209384,0:02:56,10241.0066
UCpLtUKtkC570F9MQqoMYJ3Q,Top 10 Compilation,0,,208078,0:02:45,9578.7234
UCECDikQ9g8kpXak5_rQwkhA,PopViewHQ,0,,208042,0:05:30,19103.4432
UCqecGVvPdhnBzfhV9NIcLog,MEmeZ,0,,207497,0:02:08,7387.5493
UCLo66QVfEod0nNM_GzKNxmQ,Nugget's News,3219044,2.96,207467,0:10:02,34742.8918
UC6c-VUIphX4cOUMrKAdU1lw,Loogi,0,,204208,0:03:27,11753.0817
UCaHzemIOxr2KJj_xWyl0tGQ,TikTok Compilations,0,,202573,0:01:47,6035.1789
UC7XoTOMPpOBs_J3CQmMM9KA,TheWootang,0,,201583,0:03:41,12388.9808
UCze_UyesQoapJtEIHZnhE9Q,Supreme TikTok,0,,200584,0:03:15,10913.4025
UCWdWbuzG0YzPoo9rcWEW2Vg,HaGate Studio,0,,197797,0:02:13,7357.1914
UC2mw5nP_FMpIN8NefBo4gAg,BriceBBrice,0,,197651,0:05:07,16857.7511
UCfivq7zuAzCEX5AOFT_KOuA,Passion Slime,0,,196470,0:00:52,2882.5783
UCq6VFHwMzcMXbuKyG7SQYIg,penguinz0,0,,194216,0:04:57,16039.1918
UCsCwJMVAZ7sLz1NjwKLI-Vw,Brain Chow Reactions,0,,192983,0:04:20,13988.7678
UCAA4eBBT2lt4C3YcXMdNOFA,malena010102,0,,190033,0:04:47,15202.0879
UCLrngt4nvHnryTzmeTgBSeQ,Laugh,0,,189194,0:01:44,5508.5771
UCNYeF2gLBo3gj5y4tIeekkQ,CİYA Yanardağ,0,,188136,0:02:53,9075.9857
UCrMiztv-tCZtHiqnINhbl4g,LeoRides,0,,187625,0:01:13,3812.1415
UC217DGIqz-Ow8S1-PXKTCig,Just Nostalgic Content,0,,186065,0:04:50,14995.0565
UCaF_cL6iE4dJUDaieCtv8QQ,Drygo シ,0,,183548,0:02:58,9094.8462
UCubIE87jGL2D2v8bQUFIMdg,Mr Trump,350178,5.44,183041,0:01:19,4047.1449
UCALYbtzTlKmlGrTcNfz5dmQ,wasabi entertainment,0,,182642,0:03:13,9822.6681
UCFlpN3mSXfG6mhOOHsdnZcQ,Tingling Brain,0,,180906,0:03:40,11073.3265
UCBOUN6f5AJIgQNFTfaQCgjA,Robbie Rockwell,0,,180027,0:02:26,7340.0895
UCFWXXuiFP4ppg7uEfiOQgyA,TIKTOK HEAVEN,0,,175719,0:01:33,4565.0807
UC0InA5lOzwxue2koCCdd-GQ,Simply Mariah,0,,175102,0:01:44,5097.7434
UCmE_cXrEbj7SzfT5ImbrApw,carley!,0,,173615,0:07:55,22945.0281
UCxDvBdl_klpwJMke3Q5yz9Q,Tik Tok Revenge,0,,173574,0:01:53,5483.9964
UCKtM4RDb5VO3QwIEjVDGZHA,tibue99,0,,172499,0:03:01,8672.8598
UCi2FpnK2MHzb6fu0Scq5efA,Livelyistic,0,,168476,0:03:34,10025.5087
UC9ueQ-qDG0oanxVc0K4XGNg,Rhia velasco,0,,168069,0:02:00,5637.9445
UCYAUBFHmpUIfv-nERuXaxRQ,Satisfação Total,0,,167059,0:01:59,5561.013
UCbAtJMV1I7GwaPQfawaP4yA,tik tok,0,,166607,0:01:27,4060.7877
UCEZTZMhl2sxhEFn2m96PZcw,NZImmortal x,0,,166277,0:06:10,17105.4616
UCamuUo6F8lnuWM5HTgY19eg,Toys Play Time,0,,165215,0:03:16,9009.2075
UChHIIJPKKGGLy81SYBL5YOQ,შოთო სიხარულიძე ქართველი ემიგრანტები 2018,0,,163994,0:02:03,5613.4572
UCMshA4q9R9sb_SgPsdOekyQ,sophie xo,0,,163914,0:06:48,18599.6741
UCPqZm-8Cm7_KM1SxAxRfXrA,TikTok Best Compilations,0,,163412,0:01:59,5408.2669
UCcXSxUPA94pquoguSTlT0KA,Robots reading Reddit,1527051,6.66,163085,0:08:17,22534.0394
UCyA2lWLqKSy-ilShK2idUXA,The All Rounder,0,,162762,0:06:20,17221.8612
UCd1-EqdZDSXVMHw95Mr64lw,ساري جاد GAD TV,0,,160935,0:06:20,17009.0001
UCKGHs-1XQ4d_IqBo4zdRJoA,Average Student,0,,160798,0:04:39,12501.5243
UClo2qq1H4KxURSlQZsjRBTg,NotSoScooby,0,,160782,0:01:51,4958.7907
UCpuci6NBWBrr5mOFvAzFm7A,xxlarge,0,,159984,0:01:36,4310.3423
UC2rScBVAJSkL4qXn-27t80A,Angie Velasco,0,,159883,0:05:11,13849.6262
UC5hweFRDumFpSAJJTLGEhHw,Mr Mxyzptlk,0,,158496,0:04:16,11311.9433
UC7tgUGnVimb7__ndafG8RCg,Her Love,0,,158311,0:02:42,7133.6441
UCj6S5f9TSpojNRUnOrntNjQ,ViperMonster,0,,157385,0:04:30,11804.2315
UCrxRGw1FEGMgtC89jd0aqdA,Tiktok Rosy,0,,155804,0:03:14,8397.0741
UCaFUrR3oSxOl5Y9y6tvLTEg,WillNE,0,,155287,0:06:47,17574.1848
UCUg9MqBMONnQ3EKgPWwqBsg,Star MoonDanger,0,,154627,0:05:16,13601.5713
UC2IytmaMOPhP_s_2rUqlHuw,Jelty,0,,154240,0:04:53,12567.2289
UCBD3O5_agdxQh8GEPIoUVqA,Memeified,0,,152602,0:03:38,9265.9444
UCuQkEZQUv_VbL9UHL0EMt0g,Funny Pets,0,,152036,0:04:43,11961.943
UC6L8Uygn5Knf986T3ppDmKA,meowsaurus,0,,151846,0:01:30,3807.9522
UC4vaByCdTGINTTHez2B-vdQ,Planet Reddit,1815356,5.51,150960,0:06:36,16617.1148
UCpwOwri-jcVCf5R9IvppTaA,Tommy's Toys,0,,150352,0:02:25,6072.6707
UC5NoPk3CQeC88mKU0YWabGA,Hidalgali,0,,149854,0:04:36,11530.3719
UC9x4QPXdqWQ0PgdrFCt9TXg,Pusic Entertainment,0,,147885,0:05:28,13506.1874
UC7zdiFO-7mXlzT2j9xg4AiQ,your pals,0,,147156,0:04:29,11035.3702
UCWWa3h3mASlPxKrVECDDtOw,TikTokers Fan Club,0,,146273,0:02:20,5717.6217
UCGIeYda2jlq3iAso0Bk03Xg,Strawberry,0,,145986,0:01:33,3797.3384
UCm-qBCwzM44jI1sL6gaSWQA,sanne adele.arnesen,0,,145883,0:02:29,6043.682
UCG1De11xK45YfzAFgOPvRyA,Lola Scott,0,,145628,0:02:51,6954.4847
UCNA0AGNKlI6VaNjxo7GAfcw,Mazzat,0,,144078,0:05:54,14207.5684
UCIT8rnAwKjsWBNLQDc1KP3g,Tiktok Happenings,0,,143621,0:02:48,6717.4113
UC3KVpATBokXzJhb0BdwhekQ,thoughtless,0,,142692,0:08:44,20769.8993
UCNUb1wVVXmXUvTaFcivqPJg,sdas Wolf,0,,142384,0:01:41,4014.1888
UCulZPb3-ixtLg14DoV7mZyg,dankified tiktoks,0,,140994,0:03:48,8968.1421
UCsT-dluECOf5dEdpjxWeaOg,ONE Tik Tok,0,,140929,0:01:41,3979.6117
UCWCquDBnqQR9RLHyQU5hDjg,PrikObzor,0,,140721,0:01:49,4266.2511
UC227s8hHefPl13kPanGT6Fg,ItsBaby Maybel,0,,140341,0:02:01,4754.7877
UCgWZX66lbezUPfUXbmVq1fw,enjoyably,0,,140286,0:02:55,6826.6484
UCylQOKBzETeEy13lKL4TLqw,el show de la patata,0,,140283,0:02:06,4927.9519
UCaiFUkPU9zQ9z_a0Vfl6ngw,MeeR,0,,137611,0:01:53,4342.0643
UCh2LM4QWqJaVNKcRed4qm0A,Tik Tok Tutorials,0,,137609,0:03:14,7424.964
UCkx5Sucz0NJcGlTELHxCTKQ,broken,0,,136993,0:03:56,8991.9365
UCphI7H80k4FWnW9PbhbcU4g,Yellow Lights,0,,135602,0:02:19,5255.5362
UCo1bncRmFkvNcko1jiEyf5A,Vegar Henriksen,0,,135075,0:06:52,15484.6998
UC0GLNhtTu7yI8rl6ZZGeezw,TheOdd2sOut,0,,134975,0:07:02,15826.7299
UCiJwwDIHLF_IV4gaMrFJuVw,scorpius,0,,134253,0:04:38,10376.4355
UCwd6oeFiEkk4AMPllbRjr8Q,chillyville,0,,133370,0:02:15,5030.6736
UCK_b6xxoUtfrswvMZId_y3g,牛嵘霞,0,,132765,0:00:33,1224.6234
UCvPW1W4WlpTgNezZzwIstLA,Daithi De Nogla,0,,131388,0:06:05,13341.0692
UCruaw_b-x_GodfzKYE_Jcmw,COOKIES & MEMES,0,,131045,0:04:35,10041.7298
UCIYvvxDM2_5_SK-goXyUiAw,NK Tiktok,0,,129771,0:01:25,3086.6626
UCczm1ehl31EtlExFjuQq_CA,isabella beach,0,,129398,0:04:00,8645.6265
UCDqyPED4X-jSvNN4IQNKaVw,MemeDream,0,,129362,0:04:20,9364.6041
UCmXDR-jRjEYngPLN0uj4Y1A,Ideias Top,0,,128211,0:03:52,8281.198
UCSrG4zQIDe5qSmOYLXKajRQ,Clemy,0,,128116,0:06:30,13885.1306
UC2S7CGceq5tsuhcVyACdA3g,CrankGameplays,0,,127909,0:08:07,17309.3513
UCPy33RTGarlvbt7cunLA8SA,DANKIUS,0,,126783,0:05:24,11420.6805
UCb4kLaURbQtx_UkxTfQSXYg,It’s Aaliya! -Tiktok Compilations!,0,,126585,0:02:56,6191.8501
UCmCzqbc4Sowa5waHRlssjGg,Viral For Miles,0,,125525,0:05:45,12031.8864
UCD-5WaoClHH6mfATf5KT7pA,Tik tok lovers,0,,125276,0:02:02,4265.5546
UCjgSw6kFurdzTmdWVMon6IQ,Chuckles Tv,0,,125266,0:07:24,15468.3537
UCppTf7ECGWUV0JUJIPHGrog,mclaisha,0,,124969,0:03:23,7065.8181
UCg07IxGQbCdKIVGbRQmlktw,TikTok Addict,0,,123263,0:02:24,4944.5904
UCtuoPYBia-yrj2AWoFfBoNg,tik toks and edits,0,,123111,0:03:08,6436.0999
UCGJaQzRNGgPFr1y3Pa53nzw,Jack Swieper,0,,123072,0:10:41,21934.9428
UC3Usa8BlChMBcMfZ0953eAg,just fun,0,,122894,0:02:37,5359.9479
UCJllB47kdk2brq4zj6_593g,Corey & Crawford,1510607,5.27,121999,0:09:27,19239.7473
UCBn1DX-504_DpT25VTfxJSQ,Mitsui Asahina,0,,121978,0:02:00,4082.1178
UCn309DZgCDn_I1d6RYmPzDQ,COOL VIDS,0,,121812,0:02:34,5216.1101
UC4-nMKVjRRxnsiav0fYp1ig,Deji 2nd,0,,121135,0:05:34,11259.7204
UCTyFi_QGObn2xEzasG_zR8Q,Yosemitebear62,755897,5.53,119345,0:01:09,2316.0027
UC5RQOGRiqPH6RZn5MrWgo6A,What's Going On,0,,118829,0:02:13,4396.9069
UCv3QLDiJXRZw6CsFw5BNcHg,Emma Rose,0,,116862,0:03:43,7257.7459
UCcrdoPuIPwLTPnzK5792kcA,NemRaps,0,,116768,0:07:51,15288.6498
UCVb7uI1uABY4teAN8i1Ir4g,Joseph Albanese,794014,8.88,116727,0:01:35,3103.9818
UCORbFE99Fl66AncQNuKGrAQ,śmieszne filmiki,0,,115279,0:03:05,5930.6675
UCKOIiQVxTuS_kcHP7-fxNUw,Best of Reddit,1024351,7.51,114648,0:05:12,9936.5672
UC-3mCgcSrrAapReXJGkFOhg,Dafly,0,,114037,0:00:59,1897.7473
UC4MO_OktH6oXB-oCI7yjTkA,Palion,0,,114024,0:05:16,10025.5092
UCKC6MvwI6OG-59vMrKAtSKg,Apokalypto,0,,112507,0:06:09,11555.6929
UCyr7V3bOiA5GGyPiS7y9TKA,Geesus owns my Homos,0,,112059,0:16:54,31587.2246
UCGzwzZMOg2JwA0tjVvzjQqg,Rachel Henry,0,,111510,0:04:22,8134.6685
UCkTTBKmeMCQHSMLl7YjXHCg,ReddCinema,0,,111381,0:10:04,18699.971
UC2EWJZ5GxYPLzb_AOkirIOQ,Nikitos Show,0,,111300,0:04:02,7502.7886
UCzFnmEUnKivwyIFb9VXbwmA,bloody h3ll,0,,111297,0:10:03,18653.3982
UCS8z_UZ6U2S4A5-Ocptegcw,i'ts j1lil tik tok,0,,110794,0:01:28,2734.0066
UCjrK9m8JIe0CmFLsF0Fe0yA,Honey & peaches,0,,109901,0:05:50,10701.224
UCqUx3QXeli497k9Sn6CQAKw,HerDavidMusic,0,,109098,0:00:58,1787.9477
UCAGiv1fYBVsH44OoOFHgQdw,pops,0,,108939,0:04:46,8681.5534
UCUBdiAE5sIA9kNYyjU5xUqg,131216,0,,106132,0:04:27,7884.7132
UCilawpoqd1am3YC400rCNeA,Ricatura Company,0,,105867,0:01:42,3007.8837
UCSKF3eeGdSGktQUVFmQb_DQ,Tik Tok Sandwich,0,,105825,0:02:20,4140.0027
UCGYo70ApX7rPkkk8uDHynXQ,Fortnite Chaos,0,,105632,0:08:28,14928.6236
UC-qh8HCLNKlGhn-jOuEd3rg,H-Matter,0,,102909,0:05:24,9280.4021
UC_DptbqTndVt_Im3KkuIK5Q,KianAndJc,0,,101090,0:08:06,13663.414
UCB_49RFsjou1KKqYkJtxPeA,TikTok VS The World,0,,100845,0:02:04,3486.1926
UC825IjmMmImvdrc322B327A,Tik Tok Art,0,,100519,0:04:17,7176.9144
UCOGnKD4-6yhl_7Ti0hrad-g,Inexplicably Satisfying,0,,100477,0:02:26,4092.7044
UCGnf8QyxetzdPO0K0dZPHhw,slime videos,0,,99513,0:01:04,1781.5298
Showing top 500 results
